<?xml version="1.0" encoding="UTF-8" standalone="yes"?>
<addon id="repository.MagicMedia-Repo" name="Magic Media Repo" version="1.1" provider-name="Magic Media">
	<extension point="xbmc.addon.repository" name="Magic Media Repository">
		<info compressed="false">http://raw.github.com/bloodhod/MagicMedia/master/addons.xml</info>
		<checksum>http://raw.github.com/bloodhod/MagicMedia/master/addons.xml.md5</checksum>
		<datadir zip="true">http://raw.github.com/bloodhod/MagicMedia/master/zips</datadir>
	</extension>
	<extension point="xbmc.addon.metadata">
		<summary>Magic Media Repository</summary>
		<description>U can Download and Install Official Addons of Magic Media</description>
		<platform>all</platform>
	</extension>
</addon>

